[
{
  "txt": "om0AqL0OX6DCp",
  "usageCount": 2,
  "money": 4979,
  "diamond": 228,
  "gold": 50,
  "img": "",
  "XATK": 0,
  "XDEF": 0,
  "XSPD": 0,
  "XIQ": 0,
  "XHP": 0,
  "ATK": 200,
  "DEF": 100,
  "SPD": 500,
  "IQ": 0,
  "HP": 500
},
{
  "txt": "Jnc6vUffhmMbg",
  "usageCount": 2,
  "money": 2947,
  "diamond": 46,
  "gold": 10,
  "img": "",
  "XATK": 0,
  "XDEF": 0,
  "XSPD": 0,
  "XIQ": 0,
  "XHP": 0,
  "ATK": 0,
  "DEF": 50,
  "SPD": 200,
  "IQ": 0,
  "HP": 100
},
{
  "txt": "qPIchxHGM2aWb",
  "usageCount": 1,
  "money": 4507,
  "diamond": 187,
  "gold": 5,
  "img": "",
  "XATK": 0,
  "XDEF": 0,
  "XSPD": 0,
  "XIQ": 0,
  "XHP": 0,
  "ATK": 500,
  "DEF": 100,
  "SPD": 500,
  "IQ": 100,
  "HP": 50
},
{
  "txt": "8VQrlXoxlEVym",
  "usageCount": 1,
  "money": 3015,
  "diamond": 39,
  "gold": 50,
  "img": "",
  "XATK": 0,
  "XDEF": 0,
  "XSPD": 0,
  "XIQ": 0,
  "XHP": 0,
  "ATK": 100,
  "DEF": 200,
  "SPD": 200,
  "IQ": 0,
  "HP": 100
},
{
  "txt": "HlijljFyKUlWw",
  "usageCount": 1,
  "money": 8173,
  "diamond": 200,
  "gold": 0,
  "img": "",
  "XATK": 0,
  "XDEF": 0,
  "XSPD": 0,
  "XIQ": 0,
  "XHP": 0,
  "ATK": 200,
  "DEF": 50,
  "SPD": 200,
  "IQ": 200,
  "HP": 0
},
{
  "txt": "9HRj3y2jW2rfq",
  "usageCount": 2,
  "money": 9672,
  "diamond": 178,
  "gold": 5,
  "img": "",
  "XATK": 0,
  "XDEF": 0,
  "XSPD": 0,
  "XIQ": 0,
  "XHP": 0,
  "ATK": 0,
  "DEF": 200,
  "SPD": 500,
  "IQ": 200,
  "HP": 50
},
{
  "txt": "7ASkloETlnS5a",
  "usageCount": 2,
  "money": 4866,
  "diamond": 149,
  "gold": 10,
  "img": "",
  "XATK": 0,
  "XDEF": 0,
  "XSPD": 0,
  "XIQ": 0,
  "XHP": 0,
  "ATK": 500,
  "DEF": 100,
  "SPD": 0,
  "IQ": 100,
  "HP": 200
},
{
  "txt": "QyxZmAOVfptec",
  "usageCount": 1,
  "money": 3745,
  "diamond": 207,
  "gold": 5,
  "img": "",
  "XATK": 0,
  "XDEF": 0,
  "XSPD": 0,
  "XIQ": 0,
  "XHP": 0,
  "ATK": 50,
  "DEF": 50,
  "SPD": 500,
  "IQ": 500,
  "HP": 500
},
{
  "txt": "KMeCd5jfy3183",
  "usageCount": 1,
  "money": 5503,
  "diamond": 155,
  "gold": 10,
  "img": "",
  "XATK": 0,
  "XDEF": 0,
  "XSPD": 0,
  "XIQ": 0,
  "XHP": 0,
  "ATK": 0,
  "DEF": 100,
  "SPD": 100,
  "IQ": 0,
  "HP": 50
},
{
  "txt": "AUrOkwsUCzQr0",
  "usageCount": 1,
  "money": 9867,
  "diamond": 5,
  "gold": 10,
  "img": "",
  "XATK": 0,
  "XDEF": 0,
  "XSPD": 0,
  "XIQ": 0,
  "XHP": 0,
  "ATK": 0,
  "DEF": 0,
  "SPD": 100,
  "IQ": 0,
  "HP": 0
},
{
  "txt": "JY1TwizDr791u",
  "usageCount": 2,
  "money": 85050,
  "diamond": 4,
  "gold": 150,
  "img": "",
  "XATK": 0,
  "XDEF": 0,
  "XSPD": 0,
  "XIQ": 0,
  "XHP": 0,
  "ATK": 500,
  "DEF": 500,
  "SPD": 200,
  "IQ": 100,
  "HP": 200
},
{
  "txt": "pU5PGL1nmBUqU",
  "usageCount": 1,
  "money": 9662,
  "diamond": 97,
  "gold": 0,
  "img": "",
  "XATK": 0,
  "XDEF": 0,
  "XSPD": 0,
  "XIQ": 0,
  "XHP": 0,
  "ATK": 50,
  "DEF": 100,
  "SPD": 200,
  "IQ": 0,
  "HP": 200
},
{
  "txt": "fWW3TVRBG4CIV",
  "usageCount": 2,
  "money": 4046,
  "diamond": 63,
  "gold": 0,
  "img": "",
  "XATK": 0,
  "XDEF": 0,
  "XSPD": 0,
  "XIQ": 0,
  "XHP": 0,
  "ATK": 100,
  "DEF": 100,
  "SPD": 200,
  "IQ": 0,
  "HP": 100
},
{
  "txt": "nVQqsouXxhUAp",
  "usageCount": 2,
  "money": 9533,
  "diamond": 140,
  "gold": 5,
  "img": "",
  "XATK": 0,
  "XDEF": 0,
  "XSPD": 0,
  "XIQ": 0,
  "XHP": 0,
  "ATK": 100,
  "DEF": 0,
  "SPD": 50,
  "IQ": 500,
  "HP": 0
},
{
  "txt": "35uz67AnI809E",
  "usageCount": 2,
  "money": 5332,
  "diamond": 1,
  "gold": 5,
  "img": "",
  "XATK": 0,
  "XDEF": 0,
  "XSPD": 0,
  "XIQ": 0,
  "XHP": 0,
  "ATK": 100,
  "DEF": 0,
  "SPD": 50,
  "IQ": 0,
  "HP": 50
},
{
  "txt": "6sVD82kTMuMwa",
  "usageCount": 2,
  "money": 1797,
  "diamond": 72,
  "gold": 5,
  "img": "",
  "XATK": 0,
  "XDEF": 0,
  "XSPD": 0,
  "XIQ": 0,
  "XHP": 0,
  "ATK": 100,
  "DEF": 50,
  "SPD": 500,
  "IQ": 100,
  "HP": 100
},
{
  "txt": "Jseeir5UJtADr",
  "usageCount": 1,
  "money": 8130,
  "diamond": 250,
  "gold": 0,
  "img": "",
  "XATK": 0,
  "XDEF": 0,
  "XSPD": 0,
  "XIQ": 0,
  "XHP": 0,
  "ATK": 500,
  "DEF": 200,
  "SPD": 100,
  "IQ": 200,
  "HP": 100
},
{
  "txt": "RwrrtJQA4hs8F",
  "usageCount": 2,
  "money": 3304,
  "diamond": 233,
  "gold": 50,
  "img": "",
  "XATK": 0,
  "XDEF": 0,
  "XSPD": 0,
  "XIQ": 0,
  "XHP": 0,
  "ATK": 50,
  "DEF": 500,
  "SPD": 50,
  "IQ": 500,
  "HP": 100
},
{
  "txt": "OiKLDhwyKr6yg",
  "usageCount": 2,
  "money": 6158,
  "diamond": 76,
  "gold": 10,
  "img": "",
  "XATK": 0,
  "XDEF": 0,
  "XSPD": 0,
  "XIQ": 0,
  "XHP": 0,
  "ATK": 50,
  "DEF": 0,
  "SPD": 100,
  "IQ": 100,
  "HP": 100
},
{
  "txt": "9mNoYfa107afM",
  "usageCount": 1,
  "money": 1519,
  "diamond": 188,
  "gold": 10,
  "img": "",
  "XATK": 0,
  "XDEF": 0,
  "XSPD": 0,
  "XIQ": 0,
  "XHP": 0,
  "ATK": 50,
  "DEF": 50,
  "SPD": 200,
  "IQ": 500,
  "HP": 50
},
{
  "txt": "bXIis9Pvzfbg5",
  "usageCount": 1,
  "money": 1405,
  "diamond": 51,
  "gold": 20,
  "img": "",
  "XATK": 0,
  "XDEF": 0,
  "XSPD": 0,
  "XIQ": 0,
  "XHP": 0,
  "ATK": 0,
  "DEF": 50,
  "SPD": 500,
  "IQ": 200,
  "HP": 200
},
{
  "txt": "7WzQcA3UHbgGP",
  "usageCount": 2,
  "money": 9371,
  "diamond": 28,
  "gold": 0,
  "img": "",
  "XATK": 0,
  "XDEF": 0,
  "XSPD": 0,
  "XIQ": 0,
  "XHP": 0,
  "ATK": 500,
  "DEF": 0,
  "SPD": 200,
  "IQ": 100,
  "HP": 200
},
{
  "txt": "NHgWNnDrYgAzg",
  "usageCount": 2,
  "money": 7946,
  "diamond": 96,
  "gold": 10,
  "img": "",
  "XATK": 0,
  "XDEF": 0,
  "XSPD": 0,
  "XIQ": 0,
  "XHP": 0,
  "ATK": 0,
  "DEF": 50,
  "SPD": 500,
  "IQ": 200,
  "HP": 100
},
{
  "txt": "0PHM9SrZdIRLO",
  "usageCount": 1,
  "money": 4173,
  "diamond": 220,
  "gold": 20,
  "img": "",
  "XATK": 0,
  "XDEF": 0,
  "XSPD": 0,
  "XIQ": 0,
  "XHP": 0,
  "ATK": 100,
  "DEF": 200,
  "SPD": 100,
  "IQ": 100,
  "HP": 500
},
{
  "txt": "q8IvWvVH0fD8a",
  "usageCount": 2,
  "money": 8705,
  "diamond": 102,
  "gold": 50,
  "img": "",
  "XATK": 0,
  "XDEF": 0,
  "XSPD": 0,
  "XIQ": 0,
  "XHP": 0,
  "ATK": 0,
  "DEF": 50,
  "SPD": 200,
  "IQ": 500,
  "HP": 500
},
{
  "txt": "nykvT0ZHQErWu",
  "usageCount": 2,
  "money": 9766,
  "diamond": 80,
  "gold": 20,
  "img": "",
  "XATK": 0,
  "XDEF": 0,
  "XSPD": 0,
  "XIQ": 0,
  "XHP": 0,
  "ATK": 50,
  "DEF": 0,
  "SPD": 0,
  "IQ": 0,
  "HP": 50
},
{
  "txt": "0UWotbZkqxLRu",
  "usageCount": 2,
  "money": 5004,
  "diamond": 245,
  "gold": 10,
  "img": "",
  "XATK": 0,
  "XDEF": 0,
  "XSPD": 0,
  "XIQ": 0,
  "XHP": 0,
  "ATK": 0,
  "DEF": 0,
  "SPD": 50,
  "IQ": 50,
  "HP": 500
},
{
  "txt": "pbFGfR46jizhl",
  "usageCount": 1,
  "money": 5322,
  "diamond": 132,
  "gold": 20,
  "img": "",
  "XATK": 0,
  "XDEF": 0,
  "XSPD": 0,
  "XIQ": 0,
  "XHP": 0,
  "ATK": 200,
  "DEF": 500,
  "SPD": 500,
  "IQ": 0,
  "HP": 500
},
{
  "txt": "LPNy9noJjGryu",
  "usageCount": 1,
  "money": 4584,
  "diamond": 205,
  "gold": 20,
  "img": "",
  "XATK": 0,
  "XDEF": 0,
  "XSPD": 0,
  "XIQ": 0,
  "XHP": 0,
  "ATK": 0,
  "DEF": 500,
  "SPD": 0,
  "IQ": 0,
  "HP": 100
},
{
  "txt": "vXyKUpxOwbxWZ",
  "usageCount": 2,
  "money": 4124,
  "diamond": 228,
  "gold": 5,
  "img": "",
  "XATK": 0,
  "XDEF": 0,
  "XSPD": 0,
  "XIQ": 0,
  "XHP": 0,
  "ATK": 50,
  "DEF": 500,
  "SPD": 500,
  "IQ": 50,
  "HP": 0
},
{
  "txt": "l8PXUDUL695c4",
  "usageCount": 1,
  "money": 9657,
  "diamond": 228,
  "gold": 5,
  "img": "",
  "XATK": 0,
  "XDEF": 0,
  "XSPD": 0,
  "XIQ": 0,
  "XHP": 0,
  "ATK": 200,
  "DEF": 0,
  "SPD": 200,
  "IQ": 50,
  "HP": 100
},
{
  "txt": "6rp82RVpBCRwm",
  "usageCount": 2,
  "money": 6780,
  "diamond": 46,
  "gold": 10,
  "img": "",
  "XATK": 0,
  "XDEF": 0,
  "XSPD": 0,
  "XIQ": 0,
  "XHP": 0,
  "ATK": 200,
  "DEF": 200,
  "SPD": 200,
  "IQ": 500,
  "HP": 100
},
{
  "txt": "kUwB7ymj3iWo2",
  "usageCount": 2,
  "money": 2965,
  "diamond": 199,
  "gold": 0,
  "img": "",
  "XATK": 0,
  "XDEF": 0,
  "XSPD": 0,
  "XIQ": 0,
  "XHP": 0,
  "ATK": 100,
  "DEF": 500,
  "SPD": 0,
  "IQ": 50,
  "HP": 200
},
{
  "txt": "I3UqWxlyYh2c3",
  "usageCount": 2,
  "money": 1978,
  "diamond": 46,
  "gold": 50,
  "img": "",
  "XATK": 0,
  "XDEF": 0,
  "XSPD": 0,
  "XIQ": 0,
  "XHP": 0,
  "ATK": 200,
  "DEF": 500,
  "SPD": 50,
  "IQ": 200,
  "HP": 50
},
{
  "txt": "rLza6XuH3zchN",
  "usageCount": 2,
  "money": 1065,
  "diamond": 97,
  "gold": 0,
  "img": "",
  "XATK": 0,
  "XDEF": 0,
  "XSPD": 0,
  "XIQ": 0,
  "XHP": 0,
  "ATK": 500,
  "DEF": 100,
  "SPD": 100,
  "IQ": 500,
  "HP": 50
},
{
  "txt": "vhHp0u1IiF6Ad",
  "usageCount": 2,
  "money": 4876,
  "diamond": 124,
  "gold": 10,
  "img": "",
  "XATK": 0,
  "XDEF": 0,
  "XSPD": 0,
  "XIQ": 0,
  "XHP": 0,
  "ATK": 100,
  "DEF": 50,
  "SPD": 50,
  "IQ": 0,
  "HP": 200
},
{
  "txt": "zZwl8Anfm5sXv",
  "usageCount": 1,
  "money": 8435,
  "diamond": 117,
  "gold": 50,
  "img": "",
  "XATK": 0,
  "XDEF": 0,
  "XSPD": 0,
  "XIQ": 0,
  "XHP": 0,
  "ATK": 100,
  "DEF": 200,
  "SPD": 200,
  "IQ": 500,
  "HP": 500
},
{
  "txt": "bs6umgUtGtf9r",
  "usageCount": 2,
  "money": 4828,
  "diamond": 34,
  "gold": 50,
  "img": "",
  "XATK": 0,
  "XDEF": 0,
  "XSPD": 0,
  "XIQ": 0,
  "XHP": 0,
  "ATK": 500,
  "DEF": 200,
  "SPD": 100,
  "IQ": 200,
  "HP": 0
},
{
  "txt": "Ci6DPKOTxjn4k",
  "usageCount": 2,
  "money": 2563,
  "diamond": 36,
  "gold": 0,
  "img": "",
  "XATK": 0,
  "XDEF": 0,
  "XSPD": 0,
  "XIQ": 0,
  "XHP": 0,
  "ATK": 100,
  "DEF": 0,
  "SPD": 100,
  "IQ": 50,
  "HP": 100
},
{
  "txt": "2f5afODbkJMDC",
  "usageCount": 1,
  "money": 2447,
  "diamond": 115,
  "gold": 50,
  "img": "",
  "XATK": 0,
  "XDEF": 0,
  "XSPD": 0,
  "XIQ": 0,
  "XHP": 0,
  "ATK": 200,
  "DEF": 0,
  "SPD": 100,
  "IQ": 50,
  "HP": 100
},
{
  "txt": "UrV0QCQM7pvc8",
  "usageCount": 2,
  "money": 1857,
  "diamond": 145,
  "gold": 10,
  "img": "",
  "XATK": 0,
  "XDEF": 0,
  "XSPD": 0,
  "XIQ": 0,
  "XHP": 0,
  "ATK": 0,
  "DEF": 50,
  "SPD": 50,
  "IQ": 50,
  "HP": 100
},
{
  "txt": "7c0qbCJXfyzEi",
  "usageCount": 2,
  "money": 6967,
  "diamond": 148,
  "gold": 10,
  "img": "",
  "XATK": 0,
  "XDEF": 0,
  "XSPD": 0,
  "XIQ": 0,
  "XHP": 0,
  "ATK": 0,
  "DEF": 50,
  "SPD": 500,
  "IQ": 50,
  "HP": 100
},
{
  "txt": "0wmUryp71JSJO",
  "usageCount": 2,
  "money": 5358,
  "diamond": 171,
  "gold": 50,
  "img": "",
  "XATK": 0,
  "XDEF": 0,
  "XSPD": 0,
  "XIQ": 0,
  "XHP": 0,
  "ATK": 500,
  "DEF": 200,
  "SPD": 100,
  "IQ": 500,
  "HP": 100
},
{
  "txt": "L2HnoOAgJCmQJ",
  "usageCount": 1,
  "money": 6132,
  "diamond": 200,
  "gold": 50,
  "img": "",
  "XATK": 0,
  "XDEF": 0,
  "XSPD": 0,
  "XIQ": 0,
  "XHP": 0,
  "ATK": 200,
  "DEF": 100,
  "SPD": 200,
  "IQ": 500,
  "HP": 500
},
{
  "txt": "wCHmffK0npVOO",
  "usageCount": 2,
  "money": 6001,
  "diamond": 84,
  "gold": 50,
  "img": "",
  "XATK": 0,
  "XDEF": 0,
  "XSPD": 0,
  "XIQ": 0,
  "XHP": 0,
  "ATK": 0,
  "DEF": 50,
  "SPD": 50,
  "IQ": 200,
  "HP": 0
},
{
  "txt": "hvsfgA3c0uXXf",
  "usageCount": 1,
  "money": 2108,
  "diamond": 102,
  "gold": 5,
  "img": "",
  "XATK": 0,
  "XDEF": 0,
  "XSPD": 0,
  "XIQ": 0,
  "XHP": 0,
  "ATK": 0,
  "DEF": 100,
  "SPD": 500,
  "IQ": 200,
  "HP": 50
},
{
  "txt": "e8uJE8rzKk0Ox",
  "usageCount": 2,
  "money": 5518,
  "diamond": 76,
  "gold": 20,
  "img": "",
  "XATK": 0,
  "XDEF": 0,
  "XSPD": 0,
  "XIQ": 0,
  "XHP": 0,
  "ATK": 100,
  "DEF": 50,
  "SPD": 500,
  "IQ": 100,
  "HP": 0
},
{
  "txt": "mpZvZiFDEsALo",
  "usageCount": 2,
  "money": 9524,
  "diamond": 178,
  "gold": 20,
  "img": "",
  "XATK": 0,
  "XDEF": 0,
  "XSPD": 0,
  "XIQ": 0,
  "XHP": 0,
  "ATK": 200,
  "DEF": 50,
  "SPD": 500,
  "IQ": 50,
  "HP": 50
},
{
  "txt": "BimZ5AAiOxzhz",
  "usageCount": 1,
  "money": 8104,
  "diamond": 171,
  "gold": 10,
  "img": "",
  "XATK": 0,
  "XDEF": 0,
  "XSPD": 0,
  "XIQ": 0,
  "XHP": 0,
  "ATK": 100,
  "DEF": 500,
  "SPD": 100,
  "IQ": 200,
  "HP": 50
},
{
  "txt": "ajEfhq6Bk8sZa",
  "usageCount": 2,
  "money": 6761,
  "diamond": 120,
  "gold": 50,
  "img": "",
  "XATK": 0,
  "XDEF": 0,
  "XSPD": 0,
  "XIQ": 0,
  "XHP": 0,
  "ATK": 50,
  "DEF": 100,
  "SPD": 100,
  "IQ": 50,
  "HP": 200
},
{
  "txt": "WgRz9Y5GvubkF",
  "usageCount": 1,
  "money": 1571,
  "diamond": 193,
  "gold": 50,
  "img": "",
  "XATK": 0,
  "XDEF": 0,
  "XSPD": 0,
  "XIQ": 0,
  "XHP": 0,
  "ATK": 200,
  "DEF": 100,
  "SPD": 100,
  "IQ": 0,
  "HP": 50
},
{
  "txt": "mLSXazL9lTlwg",
  "usageCount": 1,
  "money": 4314,
  "diamond": 136,
  "gold": 50,
  "img": "",
  "XATK": 0,
  "XDEF": 0,
  "XSPD": 0,
  "XIQ": 0,
  "XHP": 0,
  "ATK": 500,
  "DEF": 200,
  "SPD": 200,
  "IQ": 200,
  "HP": 0
},
{
  "txt": "rKhm0R7DSI7iZ",
  "usageCount": 1,
  "money": 4875,
  "diamond": 240,
  "gold": 10,
  "img": "",
  "XATK": 0,
  "XDEF": 0,
  "XSPD": 0,
  "XIQ": 0,
  "XHP": 0,
  "ATK": 100,
  "DEF": 50,
  "SPD": 100,
  "IQ": 0,
  "HP": 500
},
{
  "txt": "R1KswMmv18uSA",
  "usageCount": 1,
  "money": 6311,
  "diamond": 109,
  "gold": 5,
  "img": "",
  "XATK": 0,
  "XDEF": 0,
  "XSPD": 0,
  "XIQ": 0,
  "XHP": 0,
  "ATK": 500,
  "DEF": 200,
  "SPD": 0,
  "IQ": 0,
  "HP": 500
},
{
  "txt": "vAmV1itx6Bypj",
  "usageCount": 2,
  "money": 4241,
  "diamond": 128,
  "gold": 0,
  "img": "",
  "XATK": 0,
  "XDEF": 0,
  "XSPD": 0,
  "XIQ": 0,
  "XHP": 0,
  "ATK": 0,
  "DEF": 50,
  "SPD": 0,
  "IQ": 0,
  "HP": 0
},
{
  "txt": "CaFrpmdOzlk1E",
  "usageCount": 2,
  "money": 4335,
  "diamond": 17,
  "gold": 50,
  "img": "",
  "XATK": 0,
  "XDEF": 0,
  "XSPD": 0,
  "XIQ": 0,
  "XHP": 0,
  "ATK": 500,
  "DEF": 0,
  "SPD": 200,
  "IQ": 0,
  "HP": 500
},
{
  "txt": "qwuZajNJuTwS7",
  "usageCount": 2,
  "money": 4933,
  "diamond": 153,
  "gold": 10,
  "img": "",
  "XATK": 0,
  "XDEF": 0,
  "XSPD": 0,
  "XIQ": 0,
  "XHP": 0,
  "ATK": 0,
  "DEF": 50,
  "SPD": 100,
  "IQ": 100,
  "HP": 200
},
{
  "txt": "33XGa7cC5esAE",
  "usageCount": 1,
  "money": 7503,
  "diamond": 49,
  "gold": 0,
  "img": "",
  "XATK": 0,
  "XDEF": 0,
  "XSPD": 0,
  "XIQ": 0,
  "XHP": 0,
  "ATK": 0,
  "DEF": 0,
  "SPD": 50,
  "IQ": 50,
  "HP": 0
},
{
  "txt": "VdzoUKiUgfNMq",
  "usageCount": 1,
  "money": 2279,
  "diamond": 112,
  "gold": 0,
  "img": "",
  "XATK": 0,
  "XDEF": 0,
  "XSPD": 0,
  "XIQ": 0,
  "XHP": 0,
  "ATK": 100,
  "DEF": 200,
  "SPD": 0,
  "IQ": 200,
  "HP": 200
},
{
  "txt": "jTLufemYChKt3",
  "usageCount": 2,
  "money": 5739,
  "diamond": 149,
  "gold": 0,
  "img": "",
  "XATK": 0,
  "XDEF": 0,
  "XSPD": 0,
  "XIQ": 0,
  "XHP": 0,
  "ATK": 50,
  "DEF": 50,
  "SPD": 500,
  "IQ": 500,
  "HP": 0
},
{
  "txt": "TWQQoa6sng3C7",
  "usageCount": 2,
  "money": 4506,
  "diamond": 108,
  "gold": 10,
  "img": "",
  "XATK": 0,
  "XDEF": 0,
  "XSPD": 0,
  "XIQ": 0,
  "XHP": 0,
  "ATK": 500,
  "DEF": 100,
  "SPD": 100,
  "IQ": 100,
  "HP": 0
},
{
  "txt": "xc65gLFPWUwX6",
  "usageCount": 1,
  "money": 8602,
  "diamond": 176,
  "gold": 5,
  "img": "",
  "XATK": 0,
  "XDEF": 0,
  "XSPD": 0,
  "XIQ": 0,
  "XHP": 0,
  "ATK": 500,
  "DEF": 0,
  "SPD": 100,
  "IQ": 500,
  "HP": 0
},
{
  "txt": "lGlaJuu6OhXGs",
  "usageCount": 2,
  "money": 9082,
  "diamond": 249,
  "gold": 20,
  "img": "",
  "XATK": 0,
  "XDEF": 0,
  "XSPD": 0,
  "XIQ": 0,
  "XHP": 0,
  "ATK": 0,
  "DEF": 500,
  "SPD": 200,
  "IQ": 100,
  "HP": 500
},
{
  "txt": "KdoUDhNOiWTgO",
  "usageCount": 1,
  "money": 1433,
  "diamond": 182,
  "gold": 50,
  "img": "",
  "XATK": 0,
  "XDEF": 0,
  "XSPD": 0,
  "XIQ": 0,
  "XHP": 0,
  "ATK": 100,
  "DEF": 500,
  "SPD": 500,
  "IQ": 100,
  "HP": 0
},
{
  "txt": "1JUvC5kr7Fh6i",
  "usageCount": 1,
  "money": 5852,
  "diamond": 29,
  "gold": 20,
  "img": "",
  "XATK": 0,
  "XDEF": 0,
  "XSPD": 0,
  "XIQ": 0,
  "XHP": 0,
  "ATK": 500,
  "DEF": 50,
  "SPD": 50,
  "IQ": 100,
  "HP": 0
},
{
  "txt": "6rLJVTwnmOQD5",
  "usageCount": 1,
  "money": 4878,
  "diamond": 158,
  "gold": 10,
  "img": "",
  "XATK": 0,
  "XDEF": 0,
  "XSPD": 0,
  "XIQ": 0,
  "XHP": 0,
  "ATK": 200,
  "DEF": 50,
  "SPD": 50,
  "IQ": 0,
  "HP": 50
},
{
  "txt": "gw9U1XR0hJM57",
  "usageCount": 1,
  "money": 6775,
  "diamond": 109,
  "gold": 10,
  "img": "",
  "XATK": 0,
  "XDEF": 0,
  "XSPD": 0,
  "XIQ": 0,
  "XHP": 0,
  "ATK": 100,
  "DEF": 50,
  "SPD": 100,
  "IQ": 100,
  "HP": 50
},
{
  "txt": "q4Mbp0bYEtdqt",
  "usageCount": 2,
  "money": 2563,
  "diamond": 131,
  "gold": 50,
  "img": "",
  "XATK": 0,
  "XDEF": 0,
  "XSPD": 0,
  "XIQ": 0,
  "XHP": 0,
  "ATK": 500,
  "DEF": 0,
  "SPD": 0,
  "IQ": 100,
  "HP": 0
},
{
  "txt": "tcn62KP9RqPt7",
  "usageCount": 2,
  "money": 4477,
  "diamond": 109,
  "gold": 20,
  "img": "",
  "XATK": 0,
  "XDEF": 0,
  "XSPD": 0,
  "XIQ": 0,
  "XHP": 0,
  "ATK": 200,
  "DEF": 500,
  "SPD": 100,
  "IQ": 0,
  "HP": 500
},
{
  "txt": "tpx443XTSs4ZT",
  "usageCount": 2,
  "money": 3153,
  "diamond": 99,
  "gold": 0,
  "img": "",
  "XATK": 0,
  "XDEF": 0,
  "XSPD": 0,
  "XIQ": 0,
  "XHP": 0,
  "ATK": 50,
  "DEF": 500,
  "SPD": 0,
  "IQ": 500,
  "HP": 50
},
{
  "txt": "dZPufVDmzO30n",
  "usageCount": 2,
  "money": 4401,
  "diamond": 90,
  "gold": 10,
  "img": "",
  "XATK": 0,
  "XDEF": 0,
  "XSPD": 0,
  "XIQ": 0,
  "XHP": 0,
  "ATK": 100,
  "DEF": 100,
  "SPD": 100,
  "IQ": 50,
  "HP": 200
},
{
  "txt": "A21pcBb8jAIf0",
  "usageCount": 2,
  "money": 1925,
  "diamond": 47,
  "gold": 0,
  "img": "",
  "XATK": 0,
  "XDEF": 0,
  "XSPD": 0,
  "XIQ": 0,
  "XHP": 0,
  "ATK": 0,
  "DEF": 50,
  "SPD": 500,
  "IQ": 0,
  "HP": 500
},
{
  "txt": "WvYkrPnxFU14i",
  "usageCount": 2,
  "money": 9966,
  "diamond": 233,
  "gold": 50,
  "img": "",
  "XATK": 0,
  "XDEF": 0,
  "XSPD": 0,
  "XIQ": 0,
  "XHP": 0,
  "ATK": 0,
  "DEF": 100,
  "SPD": 100,
  "IQ": 0,
  "HP": 500
},
{
  "txt": "XR1As4vmtBmit",
  "usageCount": 2,
  "money": 2216,
  "diamond": 36,
  "gold": 50,
  "img": "",
  "XATK": 0,
  "XDEF": 0,
  "XSPD": 0,
  "XIQ": 0,
  "XHP": 0,
  "ATK": 50,
  "DEF": 100,
  "SPD": 200,
  "IQ": 500,
  "HP": 0
},
{
  "txt": "PcdNU2mwlSkKR",
  "usageCount": 2,
  "money": 8417,
  "diamond": 236,
  "gold": 20,
  "img": "",
  "XATK": 0,
  "XDEF": 0,
  "XSPD": 0,
  "XIQ": 0,
  "XHP": 0,
  "ATK": 0,
  "DEF": 200,
  "SPD": 0,
  "IQ": 100,
  "HP": 100
},
{
  "txt": "lEfQJyjb0QPmT",
  "usageCount": 2,
  "money": 2454,
  "diamond": 174,
  "gold": 10,
  "img": "",
  "XATK": 0,
  "XDEF": 0,
  "XSPD": 0,
  "XIQ": 0,
  "XHP": 0,
  "ATK": 200,
  "DEF": 500,
  "SPD": 200,
  "IQ": 50,
  "HP": 100
},
{
  "txt": "Z5E642cw1O1pG",
  "usageCount": 1,
  "money": 4545,
  "diamond": 83,
  "gold": 5,
  "img": "",
  "XATK": 0,
  "XDEF": 0,
  "XSPD": 0,
  "XIQ": 0,
  "XHP": 0,
  "ATK": 100,
  "DEF": 200,
  "SPD": 500,
  "IQ": 100,
  "HP": 100
},
{
  "txt": "mQBZbs5TWDSFe",
  "usageCount": 2,
  "money": 3818,
  "diamond": 176,
  "gold": 20,
  "img": "",
  "XATK": 0,
  "XDEF": 0,
  "XSPD": 0,
  "XIQ": 0,
  "XHP": 0,
  "ATK": 100,
  "DEF": 200,
  "SPD": 100,
  "IQ": 0,
  "HP": 200
},
{
  "txt": "H76QirBCkzdxt",
  "usageCount": 2,
  "money": 3527,
  "diamond": 131,
  "gold": 10,
  "img": "",
  "XATK": 0,
  "XDEF": 0,
  "XSPD": 0,
  "XIQ": 0,
  "XHP": 0,
  "ATK": 200,
  "DEF": 200,
  "SPD": 50,
  "IQ": 50,
  "HP": 50
},
{
  "txt": "ZQM7xFakOYdWx",
  "usageCount": 2,
  "money": 9041,
  "diamond": 187,
  "gold": 50,
  "img": "",
  "XATK": 0,
  "XDEF": 0,
  "XSPD": 0,
  "XIQ": 0,
  "XHP": 0,
  "ATK": 0,
  "DEF": 100,
  "SPD": 100,
  "IQ": 0,
  "HP": 50
},
{
  "txt": "8KjIzBqCKUZKc",
  "usageCount": 1,
  "money": 2572,
  "diamond": 163,
  "gold": 50,
  "img": "",
  "XATK": 0,
  "XDEF": 0,
  "XSPD": 0,
  "XIQ": 0,
  "XHP": 0,
  "ATK": 100,
  "DEF": 50,
  "SPD": 100,
  "IQ": 200,
  "HP": 50
},
{
  "txt": "1xW5cMynlBHpR",
  "usageCount": 2,
  "money": 8265,
  "diamond": 145,
  "gold": 20,
  "img": "",
  "XATK": 0,
  "XDEF": 0,
  "XSPD": 0,
  "XIQ": 0,
  "XHP": 0,
  "ATK": 50,
  "DEF": 50,
  "SPD": 100,
  "IQ": 200,
  "HP": 200
},
{
  "txt": "tWzLbGH5QC9wW",
  "usageCount": 2,
  "money": 3043,
  "diamond": 183,
  "gold": 5,
  "img": "",
  "XATK": 0,
  "XDEF": 0,
  "XSPD": 0,
  "XIQ": 0,
  "XHP": 0,
  "ATK": 0,
  "DEF": 200,
  "SPD": 50,
  "IQ": 500,
  "HP": 50
},
{
  "txt": "kKywoUZ4ZnWj7",
  "usageCount": 2,
  "money": 6200,
  "diamond": 47,
  "gold": 0,
  "img": "",
  "XATK": 0,
  "XDEF": 0,
  "XSPD": 0,
  "XIQ": 0,
  "XHP": 0,
  "ATK": 500,
  "DEF": 200,
  "SPD": 50,
  "IQ": 50,
  "HP": 100
},
{
  "txt": "vT4pvgZHxfzf8",
  "usageCount": 1,
  "money": 9306,
  "diamond": 104,
  "gold": 50,
  "img": "",
  "XATK": 0,
  "XDEF": 0,
  "XSPD": 0,
  "XIQ": 0,
  "XHP": 0,
  "ATK": 100,
  "DEF": 0,
  "SPD": 0,
  "IQ": 0,
  "HP": 50
},
{
  "txt": "wJFtjCyrUow93",
  "usageCount": 2,
  "money": 4237,
  "diamond": 37,
  "gold": 20,
  "img": "",
  "XATK": 0,
  "XDEF": 0,
  "XSPD": 0,
  "XIQ": 0,
  "XHP": 0,
  "ATK": 200,
  "DEF": 100,
  "SPD": 200,
  "IQ": 50,
  "HP": 200
},
{
  "txt": "kOJnCZhxIvRfO",
  "usageCount": 2,
  "money": 4835,
  "diamond": 68,
  "gold": 50,
  "img": "",
  "XATK": 0,
  "XDEF": 0,
  "XSPD": 0,
  "XIQ": 0,
  "XHP": 0,
  "ATK": 0,
  "DEF": 100,
  "SPD": 500,
  "IQ": 100,
  "HP": 50
},
{
  "txt": "XBxw4wqsqeEgx",
  "usageCount": 2,
  "money": 4396,
  "diamond": 40,
  "gold": 50,
  "img": "",
  "XATK": 0,
  "XDEF": 0,
  "XSPD": 0,
  "XIQ": 0,
  "XHP": 0,
  "ATK": 50,
  "DEF": 50,
  "SPD": 50,
  "IQ": 50,
  "HP": 50
},
{
  "txt": "gJcUd9s0KLUYZ",
  "usageCount": 1,
  "money": 5828,
  "diamond": 158,
  "gold": 5,
  "img": "",
  "XATK": 0,
  "XDEF": 0,
  "XSPD": 0,
  "XIQ": 0,
  "XHP": 0,
  "ATK": 200,
  "DEF": 100,
  "SPD": 0,
  "IQ": 100,
  "HP": 500
},
{
  "txt": "WxwViTNjY7Dpt",
  "usageCount": 2,
  "money": 1315,
  "diamond": 49,
  "gold": 10,
  "img": "",
  "XATK": 0,
  "XDEF": 0,
  "XSPD": 0,
  "XIQ": 0,
  "XHP": 0,
  "ATK": 100,
  "DEF": 50,
  "SPD": 200,
  "IQ": 100,
  "HP": 200
},
{
  "txt": "gjhRNHZ8W3I5N",
  "usageCount": 2,
  "money": 7480,
  "diamond": 144,
  "gold": 10,
  "img": "",
  "XATK": 0,
  "XDEF": 0,
  "XSPD": 0,
  "XIQ": 0,
  "XHP": 0,
  "ATK": 50,
  "DEF": 100,
  "SPD": 200,
  "IQ": 100,
  "HP": 50
},
{
  "txt": "GwGmpRblynRvw",
  "usageCount": 1,
  "money": 7961,
  "diamond": 244,
  "gold": 20,
  "img": "",
  "XATK": 0,
  "XDEF": 0,
  "XSPD": 0,
  "XIQ": 0,
  "XHP": 0,
  "ATK": 200,
  "DEF": 0,
  "SPD": 50,
  "IQ": 0,
  "HP": 200
},
{
  "txt": "n9U5Muil61LmS",
  "usageCount": 2,
  "money": 4890,
  "diamond": 199,
  "gold": 5,
  "img": "",
  "XATK": 0,
  "XDEF": 0,
  "XSPD": 0,
  "XIQ": 0,
  "XHP": 0,
  "ATK": 500,
  "DEF": 100,
  "SPD": 500,
  "IQ": 200,
  "HP": 50
},
{
  "txt": "TNpx77OLYgLGj",
  "usageCount": 1,
  "money": 6598,
  "diamond": 161,
  "gold": 0,
  "img": "",
  "XATK": 0,
  "XDEF": 0,
  "XSPD": 0,
  "XIQ": 0,
  "XHP": 0,
  "ATK": 0,
  "DEF": 0,
  "SPD": 0,
  "IQ": 200,
  "HP": 200
},
{
  "txt": "7VSS7Qq5zPU5E",
  "usageCount": 2,
  "money": 5784,
  "diamond": 34,
  "gold": 0,
  "img": "",
  "XATK": 0,
  "XDEF": 0,
  "XSPD": 0,
  "XIQ": 0,
  "XHP": 0,
  "ATK": 500,
  "DEF": 500,
  "SPD": 500,
  "IQ": 100,
  "HP": 500
},
{
  "txt": "UIEYK8Vf7CwvJ",
  "usageCount": 2,
  "money": 5761,
  "diamond": 75,
  "gold": 0,
  "img": "",
  "XATK": 0,
  "XDEF": 0,
  "XSPD": 0,
  "XIQ": 0,
  "XHP": 0,
  "ATK": 100,
  "DEF": 500,
  "SPD": 200,
  "IQ": 200,
  "HP": 0
},
{
  "txt": "6t4KjIohGMkQ7",
  "usageCount": 1,
  "money": 8471,
  "diamond": 209,
  "gold": 20,
  "img": "",
  "XATK": 0,
  "XDEF": 0,
  "XSPD": 0,
  "XIQ": 0,
  "XHP": 0,
  "ATK": 0,
  "DEF": 100,
  "SPD": 100,
  "IQ": 500,
  "HP": 0
},
{
  "txt": "NiCzH1lB9czC0",
  "usageCount": 2,
  "money": 7752,
  "diamond": 96,
  "gold": 10,
  "img": "",
  "XATK": 0,
  "XDEF": 0,
  "XSPD": 0,
  "XIQ": 0,
  "XHP": 0,
  "ATK": 50,
  "DEF": 200,
  "SPD": 200,
  "IQ": 200,
  "HP": 0
},
{
  "txt": "8oO470aqsgvS9",
  "usageCount": 1,
  "money": 1090,
  "diamond": 196,
  "gold": 5,
  "img": "",
  "XATK": 0,
  "XDEF": 0,
  "XSPD": 0,
  "XIQ": 0,
  "XHP": 0,
  "ATK": 500,
  "DEF": 50,
  "SPD": 0,
  "IQ": 500,
  "HP": 500
},
{
  "txt": "ALoKEeExnLxo8",
  "usageCount": 1,
  "money": 6073,
  "diamond": 177,
  "gold": 10,
  "img": "",
  "XATK": 0,
  "XDEF": 0,
  "XSPD": 0,
  "XIQ": 0,
  "XHP": 0,
  "ATK": 100,
  "DEF": 100,
  "SPD": 0,
  "IQ": 0,
  "HP": 200
}]
