[
{
  "location": "الفوهة (The Crater)",
  "area": [
  {
    "ID": 0,
    "name": "المياه الضحلة الآمنة",
    "creature": [
      { "ID": 0, "name": "سمكة المثانة", "category": "شائع", "size": 32, "sell": 200, "image": "https://i.imgur.com/W5IegiJ.png" },
      { "ID": 1, "name": "بوميرانج", "category": "شائع", "size": 31, "sell": 200, "image": "https://i.imgur.com/dtBM9sP.png" },
      { "ID": 2, "name": "العوامة", "category": "غير شائع", "size": 20, "sell": 400, "image": "https://i.imgur.com/sbe22fQ.jpg" },
      { "ID": 3, "name": "بيبر (المراقب)", "category": "شائع", "size": 31, "sell": 200, "image": "https://i.imgur.com/9tBkTdD.jpg" },
      { "ID": 4, "name": "سمكة الانفجار", "category": "غير شائع", "size": 28, "sell": 350, "image": "https://i.imgur.com/qrU1J3y.png" },
      { "ID": 5, "name": "غاسوبود", "category": "نادر", "size": 4700, "sell": 1800, "image": "https://i.imgur.com/d5RYnzo.png" },
      { "ID": 6, "name": "أرنب البحر", "category": "غير شائع", "size": 40, "sell": 370, "image": "https://i.imgur.com/jjzQDkj.jpg" },
      { "ID": 7, "name": "سكي راي (شعاع السماء)", "category": "شائع", "size": 48, "sell": 300, "image": "https://i.imgur.com/uxjOIK9.jpg" },
      { "ID": 8, "name": "سمكة الثقب", "category": "شائع", "size": 30, "sell": 200, "image": "https://i.imgur.com/1dTrbf4.png" },
      { "ID": 9, "name": "غاري فيش", "category": "شائع", "size": 37, "sell": 250, "image": "https://i.imgur.com/CNzSzIY.png" }
    ]
  },
  {
    "ID": 1,
    "name": "الشعاب المرجانية المتفرقة",
    "creature": [
      { "ID": 0, "name": "بيبر (المراقب)", "category": "شائع", "size": 31, "sell": 200, "image": "https://i.imgur.com/9tBkTdD.jpg" },
      { "ID": 1, "name": "ريفباك ليفايثن", "category": "شائع", "size": 37, "sell": 250, "image": "https://i.imgur.com/Knd4axq.png" },
      { "ID": 2, "name": "ريجينالد", "category": "شائع", "size": 30, "sell": 200, "image": "https://i.imgur.com/NCAzEvi.jpg" },
      { "ID": 3, "name": "حشرة المكوك", "category": "غير شائع", "size": 27, "sell": 410, "image": "https://i.imgur.com/Mly7Elf.jpg" }
    ]
  },
  {
    "ID": 2,
    "name": "غابة الأعشاب البحرية",
    "creature": [
      { "ID": 0, "name": "بوميرانج", "category": "شائع", "size": 31, "sell": 200, "image": "https://i.imgur.com/dtBM9sP.png" },
      { "ID": 1, "name": "آي آي (العين)", "category": "شائع", "size": 28, "sell": 180, "image": "https://i.imgur.com/jdcU4nC.png" },
      { "ID": 2, "name": "سمكة الحلقة", "category": "شائع", "size": 27, "sell": 200, "image": "https://i.imgur.com/1I7IeiH.png" },
      { "ID": 3, "name": "السمكة الحوامة", "category": "غير شائع", "size": 38, "sell": 420, "image": "https://i.imgur.com/wQZRj9t.png" },
      { "ID": 4, "name": "بيبر (المراقب)", "category": "شائع", "size": 31, "sell": 200, "image": "https://i.imgur.com/9tBkTdD.jpg" },
      { "ID": 5, "name": "أرنب البحر", "category": "غير شائع", "size": 40, "sell": 370, "image": "https://i.imgur.com/jjzQDkj.jpg" },
      { "ID": 6, "name": "المطارد (ستوكر)", "category": "غير شائع", "size": 1800, "sell": 900, "image": "https://i.imgur.com/Gc8qMDh.png" }
    ]
  },
  {
    "ID": 3,
    "name": "منطقة عشب الدم",
    "creature": [
      { "ID": 0, "name": "أمبيل (الأنقليس الكهربائي)", "category": "نادر", "size": 1100, "sell": 4050, "image": "https://i.imgur.com/hHyRaNE.jpg" },
      { "ID": 1, "name": "بلايتر", "category": "غير شائع", "size": 22, "sell": 300, "image": "https://i.imgur.com/ke5jbH3.jpg" },
      { "ID": 2, "name": "زاحف الدم", "category": "غير شائع", "size": 40, "sell": 500, "image": "https://i.imgur.com/QKrzlCr.png" },
      { "ID": 3, "name": "سمكة الشوك", "category": "شائع", "size": 29, "sell": 200, "image": "https://i.imgur.com/inXivDO.jpg" },
      { "ID": 4, "name": "واربر (المتخفي)", "category": "ملحمي", "size": 170, "sell": 3480, "image": "https://i.imgur.com/XRsxfIV.png" }
    ]
  },
  {
    "ID": 4,
    "name": "غابة الفطر",
    "creature": [
      { "ID": 0, "name": "أمبيل", "category": "نادر", "size": 11, "sell": 4050, "image": "https://i.imgur.com/hHyRaNE.jpg" },
      { "ID": 1, "name": "قرش العظام", "category": "نادر", "size": 8400, "sell": 3770, "image": "https://i.imgur.com/WcZE7hq.png" },
      { "ID": 2, "name": "ريفباك ليفايثن", "category": "ملحمي", "size": 6400, "sell": 30240, "image": "https://i.imgur.com/Knd4axq.png" },
      { "ID": 3, "name": "سمكة المجراف", "category": "شائع", "size": 30, "sell": 200, "image": "https://i.imgur.com/Xt3mcnE.jpg" }
    ]
  },
  {
    "ID": 5,
    "name": "شعاب الغراند العميقة",
    "creature": [
      { "ID": 0, "name": "بوميرانج", "category": "شائع", "size": 31, "sell": 200, "image": "https://i.imgur.com/dtBM9sP.png" },
      { "ID": 1, "name": "حبار السلطعون", "category": "نادر", "size": 500, "sell": 2100, "image": "https://i.imgur.com/KBzDuHM.png" },
      { "ID": 2, "name": "جيلي راي (شعاع الهلام)", "category": "غير شائع", "size": 190, "sell": 760, "image": "https://i.imgur.com/EF8ufGh.png" },
      { "ID": 3, "name": "ريجينالد", "category": "شائع", "size": 30, "sell": 200, "image": "https://i.imgur.com/NCAzEvi.jpg" },
      { "ID": 4, "name": "واربر (المتخفي)", "category": "ملحمي", "size": 170, "sell": 3480, "image": "https://i.imgur.com/XRsxfIV.png" }
    ]
  },
  {
    "ID": 6,
    "name": "النهر المفقود",
    "creature": [
      { "ID": 0, "name": "العلقة (النازف)", "category": "غير شائع", "size": 19, "sell": 370, "image": "https://i.imgur.com/EVAjNvI.png" },
      { "ID": 1, "name": "غوست راي (شعاع الشبح)", "category": "غير شائع", "size": 250, "sell": 990, "image": "https://i.imgur.com/UC5HJWw.png" },
      { "ID": 2, "name": "غوست ليفايثن (صغير)", "category": "أسطوري", "size": 6700, "sell": 720500, "image": "https://i.imgur.com/R4SDc8k.jpg" },
      { "ID": 3, "name": "ميزمر (المنوم المغناطيسي)", "category": "نادر", "size": 67, "sell": 990, "image": "https://i.imgur.com/UUfnPCp.png" },
      { "ID": 4, "name": "متجول النهر", "category": "نادر", "size": 1100, "sell": 4100, "image": "https://i.imgur.com/vyRypZv.jpg" },
      { "ID": 5, "name": "سمكة الشوك", "category": "شائع", "size": 27, "sell": 200, "image": "https://i.imgur.com/inXivDO.jpg" }
    ]
  },
  {
    "ID": 7,
    "name": "منطقة الاصطدام",
    "creature": [
      { "ID": 0, "name": "سمكة المثانة", "category": "شائع", "size": 32, "sell": 200, "image": "https://i.imgur.com/W5IegiJ.png" },
      { "ID": 1, "name": "قرش العظام", "category": "نادر", "size": 8400, "sell": 3770, "image": "https://i.imgur.com/WcZE7hq.png" },
      { "ID": 2, "name": "بوميرانج", "category": "شائع", "size": 31, "sell": 200, "image": "https://i.imgur.com/dtBM9sP.png" },
      { "ID": 3, "name": "آي آي (العين)", "category": "شائع", "size": 28, "sell": 180, "image": "https://i.imgur.com/jdcU4nC.png" },
      { "ID": 4, "name": "سمكة الثقب", "category": "شائع", "size": 30, "sell": 200, "image": "https://i.imgur.com/1dTrbf4.png" },
      { "ID": 5, "name": "السمكة الحوامة", "category": "غير شائع", "size": 38, "sell": 420, "image": "https://i.imgur.com/wQZRj9t.png" },
      { "ID": 6, "name": "بيبر (المراقب)", "category": "شائع", "size": 31, "sell": 200, "image": "https://i.imgur.com/9tBkTdD.jpg" },
      { "ID": 7, "name": "أرنب البحر", "category": "غير شائع", "size": 40, "sell": 370, "image": "https://i.imgur.com/jjzQDkj.jpg" },
      { "ID": 8, "name": "ريبر ليفايثن (الحاصد)", "category": "أسطوري", "size": 5500, "sell": 679600, "image": "https://i.imgur.com/14sGSJ2.jpg" },
      { "ID": 9, "name": "ريجينالد", "category": "شائع", "size": 30, "sell": 200, "image": "https://i.imgur.com/NCAzEvi.jpg" },
      { "ID": 10, "name": "قرش الرمل", "category": "نادر", "size": 500, "sell": 2250, "image": "https://i.imgur.com/Ejo0kju.png" },
      { "ID": 11, "name": "حشرة المكوك", "category": "غير شائع", "size": 27, "sell": 410, "image": "https://i.imgur.com/Mly7Elf.jpg" },
      { "ID": 12, "name": "سكي راي (شعاع السماء)", "category": "شائع", "size": 48, "sell": 300, "image": "https://i.imgur.com/uxjOIK9.jpg" },
      { "ID": 13, "name": "المطارد (ستوكر)", "category": "غير شائع", "size": 1800, "sell": 900, "image": "https://i.imgur.com/Gc8qMDh.png" }
    ]
  },
  {
    "ID": 8,
    "name": "منطقة الحمم غير النشطة – بحيرة الحمم",
    "creature": [
      { "ID": 0, "name": "الشعاع القرمزي", "category": "غير شائع", "size": 300, "sell": 100, "image": "https://i.imgur.com/ii63Q5r.png" },
      { "ID": 1, "name": "يرقة الحمم", "category": "غير شائع", "size": 24, "sell": 410, "image": "https://i.imgur.com/DEhFwIb.png" },
      { "ID": 2, "name": "سحلية الحمم", "category": "نادر", "size": 870, "sell": 3850, "image": "https://i.imgur.com/AblidWp.png" },
      { "ID": 3, "name": "ماغمارانغ", "category": "شائع", "size": 33, "sell": 210, "image": "https://i.imgur.com/0bOcIwM.png" },
      { "ID": 4, "name": "آي آي الأحمر", "category": "شائع", "size": 36, "sell": 230, "image": "https://i.imgur.com/5CynMOd.png" },
      { "ID": 5, "name": "تنين البحر ليفايثن", "category": "أسطوري", "size": 11000, "sell": 1580000, "image": "https://i.imgur.com/iALri8R.png" },
      { "ID": 6, "name": "واربر (المتخفي)", "category": "ملحمي", "size": 170, "sell": 3480, "image": "https://i.imgur.com/XRsxfIV.png" }
    ]
  },
  {
    "ID": 9,
    "name": "حافة الفوهة – الفراغ (The Void)",
    "rate": 94,
    "creature": [
      { "ID": 0, "name": "غوست ليفايثن (صغير)", "category": "أسطوري", "size": 6700, "sell": 720500, "image": "https://i.imgur.com/R4SDc8k.jpg" },
      { "ID": 1, "name": "شيطان البحر العظيم", "category": "خرافي", "size": 37300, "sell": 35345800, "image": "https://i.imgur.com/WuWQOYy.jpg" }
    ]
  }]
},
{
  "location": "القطاع صفر (Sector Zero)",
  "area": [
  {
    "ID": 0,
    "name": "الجسور الملتوية الضحلة",
    "creature": [
      { "ID": 0, "name": "بيبر القطب الشمالي", "category": "شائع", "size": 34, "sell": 200, "image": "https://i.imgur.com/Qsx7khe.png" },
      { "ID": 1, "name": "سمكة المثانة", "category": "شائع", "size": 32, "sell": 200, "image": "https://i.imgur.com/W5IegiJ.png" },
      { "ID": 2, "name": "بوميرانج", "category": "شائع", "size": 31, "sell": 200, "image": "https://i.imgur.com/dtBM9sP.png" },
      { "ID": 3, "name": "سمكة الحلقة", "category": "شائع", "size": 27, "sell": 190, "image": "https://i.imgur.com/1I7IeiH.png" },
      { "ID": 4, "name": "الشعاع القطبي", "category": "غير شائع", "size": 120, "sell": 990, "image": "https://i.imgur.com/fJwcFHQ.png" }
    ]
  },
  {
    "ID": 1,
    "name": "المنطقة القطبية المتفرقة",
    "creature": [
      { "ID": 0, "name": "بيبر القطب الشمالي", "category": "شائع", "size": 34, "sell": 200, "image": "https://i.imgur.com/Qsx7khe.png" },
      { "ID": 1, "name": "براينوينغ (جناح الملح)", "category": "غير شائع", "size": 68, "sell": 670, "image": "https://i.imgur.com/jsA3grS.png" },
      { "ID": 2, "name": "بينغوينغ (الجناح البطريقي)", "category": "غير شائع", "size": 32, "sell": 220, "image": "https://i.imgur.com/dH8XB25.png" },
      { "ID": 3, "name": "سمبيوت (المتعايش)", "category": "نادر", "size": 21, "sell": 560, "image": "https://i.imgur.com/HyPRuuO.png" },
      { "ID": 4, "name": "سمكة الثقب العملاقة", "category": "ملحمي", "size": 450, "sell": 8690, "image": "https://i.imgur.com/2uJIRkL.png" }
    ]
  },
  {
    "ID": 2,
    "name": "غابة الأعشاب القطبية",
    "creature": [
      { "ID": 0, "name": "بيبر القطب الشمالي", "category": "شائع", "size": 34, "sell": 200, "image": "https://i.imgur.com/Qsx7khe.png" },
      { "ID": 1, "name": "بوميرانج", "category": "شائع", "size": 31, "sell": 200, "image": "https://i.imgur.com/dtBM9sP.png" },
      { "ID": 2, "name": "بينغلينغ", "category": "غير شائع", "size": 63, "sell": 650, "image": "https://i.imgur.com/Qy0kJT5.png" },
      { "ID": 3, "name": "بينغوينغ", "category": "غير شائع", "size": 32, "sell": 220, "image": "https://i.imgur.com/dH8XB25.png" },
      { "ID": 4, "name": "بيناكاريد", "category": "غير شائع", "size": 54, "sell": 480, "image": "https://i.imgur.com/pbOeb3U.png" },
      { "ID": 5, "name": "قرد البحر", "category": "نادر", "size": 120, "sell": 1100, "image": "https://i.imgur.com/QsbkHfj.png" }
    ]
  },
  {
    "ID": 3,
    "name": "جزر زنابق الماء",
    "creature": [
      { "ID": 0, "name": "سهم البحر (أرو راي)", "category": "غير شائع", "size": 120, "sell": 990, "image": "https://i.imgur.com/NJKErJi.png" },
      { "ID": 1, "name": "سمكة المثانة", "category": "شائع", "size": 32, "sell": 200, "image": "https://i.imgur.com/W5IegiJ.png" },
      { "ID": 2, "name": "بوميرانج", "category": "شائع", "size": 31, "sell": 200, "image": "https://i.imgur.com/dtBM9sP.png" },
      { "ID": 3, "name": "القرش الوحشي", "category": "نادر", "size": 560, "sell": 3100, "image": "https://i.imgur.com/uhCtIkO.png" },
      { "ID": 4, "name": "سمكة الريش", "category": "غير شائع", "size": 32, "sell": 410, "image": "https://i.imgur.com/hvfqv6n.png" },
      { "ID": 5, "name": "حوت التوهج", "category": "ملحمي", "size": 3000, "sell": 15120, "image": "https://i.imgur.com/DkQGFvG.png" },
      { "ID": 6, "name": "سمكة الحلقة", "category": "شائع", "size": 27, "sell": 190, "image": "https://i.imgur.com/1I7IeiH.png" },
      { "ID": 7, "name": "ليلي بادلر", "category": "نادر", "size": 100, "sell": 970, "image": "https://i.imgur.com/I1ZUZll.png" },
      { "ID": 8, "name": "نوت فيش", "category": "غير شائع", "size": 74, "sell": 740, "image": "https://i.imgur.com/jR73WON.png" },
      { "ID": 9, "name": "قرد البحر", "category": "نادر", "size": 120, "sell": 1100, "image": "https://i.imgur.com/QsbkHfj.png" },
      { "ID": 10, "name": "حبار القرش", "category": "نادر", "size": 11, "sell": 6280, "image": "https://i.imgur.com/OTyFBsE.png" }
    ]
  },
  {
    "ID": 4,
    "name": "الفوهات الأرجوانية",
    "creature": [
      { "ID": 0, "name": "سمكة المثانة", "category": "شائع", "size": 32, "sell": 200, "image": "https://i.imgur.com/W5IegiJ.png" },
      { "ID": 1, "name": "تشيليسيريت (ليفايثن)", "category": "أسطوري", "size": 5500, "sell": 876500, "image": "https://i.imgur.com/PaeEsyM.png" },
      { "ID": 2, "name": "سمكة الانفجار", "category": "غير شائع", "size": 28, "sell": 350, "image": "https://i.imgur.com/qrU1J3y.png" },
      { "ID": 3, "name": "كريبتوسوكوس", "category": "نادر", "size": 650, "sell": 3440, "image": "https://i.imgur.com/LZQ1901.png" },
      { "ID": 4, "name": "سمكة الريش", "category": "غير شائع", "size": 32, "sell": 410, "image": "https://i.imgur.com/hvfqv6n.png" }
    ]
  },
  {
    "ID": 5,
    "name": "كهوف الكريستال",
    "creature": [
      { "ID": 0, "name": "سمكة المثانة", "category": "شائع", "size": 32, "sell": 200, "image": "https://i.imgur.com/W5IegiJ.png" },
      { "ID": 1, "name": "سمكة الريش الحمراء", "category": "غير شائع", "size": 35, "sell": 440, "image": "https://i.imgur.com/6eugLip.png" },
      { "ID": 2, "name": "يرقة الصخر (روك غروب)", "category": "ملحمي", "size": 24, "sell": 1180, "image": "https://i.imgur.com/xbdLdm4.jpg" },
      { "ID": 3, "name": "لكم الصخور (روك بانشر)", "category": "نادر", "size": 2, "sell": 1890, "image": "https://i.imgur.com/5f8kjk5.png" },
      { "ID": 4, "name": "شادو ليفايثن (الظل)", "category": "أسطوري", "size": 6000, "sell": 1050700, "image": "https://i.imgur.com/dinzzWr.png" },
      { "ID": 5, "name": "تريوبس", "category": "شائع", "size": 30, "sell": 200, "image": "https://i.imgur.com/5oDIu17.png" }
    ]
  },
  {
    "ID": 6,
    "name": "المنطقة القطبية",
    "creature": [
      { "ID": 0, "name": "بيبر القطب الشمالي", "category": "شائع", "size": 34, "sell": 200, "image": "https://i.imgur.com/Qsx7khe.png" },
      { "ID": 1, "name": "الشعاع القطبي", "category": "غير شائع", "size": 120, "sell": 990, "image": "https://i.imgur.com/fJwcFHQ.png" },
      { "ID": 2, "name": "سمكة المثانة", "category": "شائع", "size": 32, "sell": 200, "image": "https://i.imgur.com/W5IegiJ.png" },
      { "ID": 3, "name": "بوميرانج", "category": "شائع", "size": 31, "sell": 200, "image": "https://i.imgur.com/dtBM9sP.png" },
      { "ID": 4, "name": "تشيليسيريت (ليفايثن)", "category": "أسطوري", "size": 5500, "sell": 876500, "image": "https://i.imgur.com/PaeEsyM.png" },
      { "ID": 5, "name": "حوت التوهج", "category": "ملحمي", "size": 30, "sell": 15120, "image": "https://i.imgur.com/DkQGFvG.png" },
      { "ID": 6, "name": "بينغلينغ", "category": "غير شائع", "size": 63, "sell": 650, "image": "https://i.imgur.com/Qy0kJT5.png" },
      { "ID": 7, "name": "بينغوينغ", "category": "غير شائع", "size": 32, "sell": 220, "image": "https://i.imgur.com/dH8XB25.png" },
      { "ID": 8, "name": "بيناكاريد", "category": "غير شائع", "size": 54, "sell": 480, "image": "https://i.imgur.com/pbOeb3U.png" },
      { "ID": 9, "name": "يرقة الصخر", "category": "ملحمي", "size": 24, "sell": 1180, "image": "https://i.imgur.com/xbdLdm4.jpg" },
      { "ID": 10, "name": "سمكة الثقب العملاقة", "category": "ملحمي", "size": 450, "sell": 8690, "image": "https://i.imgur.com/2uJIRkL.png" }
    ]
  },
  {
    "ID": 7,
    "name": "حافة العالم – الفراغ (The Void)",
    "rate": 95,
    "creature": [
      { "ID": 0, "name": "فويد تشيليسيريت", "category": "أسطوري", "size": 6500, "sell": 1107080, "image": "https://i.imgur.com/VuLnzT8.png" }
    ]
  }]
}]
