[
  {
    "type": "weapon",
    "id": 0,
    "category": "Great Sword",
    "name": "Iron Cleaver I",
    "HP": 1000,
    "ATK": 500,
    "DEF": 400,
    "SPD": 200,
    "dmgBonus": 2,
    "defBonus": 1,
    "hpBonus": 1,
    "spdBonus": 0.5,
    "ArmorPiercing": 0.04,
    "price": 2100,
    "image": "https://i.imgur.com/2WX3dkG.png"
  },
  {
    "type": "weapon",
    "id": 1,
    "category": "Great Sword",
    "name": "Doughlas II",
    "HP": 10000,
    "ATK": 3700,
    "DEF": 2300,
    "SPD": 400,
    "dmgBonus": 2,
    "defBonus": 1,
    "hpBonus": 1,
    "spdBonus": 0.5,
    "ArmorPiercing": 0.04,
    "price": 18000,
    "image": "https://i.imgur.com/mINRxoJ.png"
  },
  {
    "type": "weapon",
    "id": 2,
    "category": "Great Sword",
    "name": "Magdaros III",
    "HP": 40000,
    "ATK": 18000,
    "DEF": 13000,
    "SPD": 1600,
    "dmgBonus": 2,
    "defBonus": 1,
    "hpBonus": 1,
    "spdBonus": 0.5,
    "ArmorPiercing": 0.04,
    "price": 70000,
    "image": "https://i.imgur.com/5wdYGeV.png"
  },
  {
    "type": "weapon",
    "id": 3,
    "category": "Great Sword",
    "name": "Magda Potestas IV",
    "HP": 95000,
    "ATK": 32000,
    "DEF": 20000,
    "SPD": 3200,
    "dmgBonus": 2,
    "defBonus": 1,
    "hpBonus": 1,
    "spdBonus": 0.5,
    "ArmorPiercing": 0.04,
    "price": 184000,
    "image": "https://i.imgur.com/ZKb3Ovr.png"
  },
  {
    "type": "weapon",
    "id": 4,
    "category": "Great Sword",
    "name": "Fatalis Blade V",
    "HP": 120000,
    "ATK": 64800,
    "DEF": 41000,
    "SPD": 5000,
    "dmgBonus": 2,
    "defBonus": 1,
    "hpBonus": 1,
    "spdBonus": 0.5,
    "ArmorPiercing": 0.04,
    "price": 2680000,
    "image": "https://i.imgur.com/3Zptzr4.png"
  },
  {
    "type": "weapon",
    "id": 5,
    "category": "Great Sword",
    "name": "Alatreon Revolution VI",
    "HP": 200000,
    "ATK": 121000,
    "DEF": 71000,
    "SPD": 9000,
    "dmgBonus": 2,
    "defBonus": 1,
    "hpBonus": 1,
    "spdBonus": 0.5,
    "ArmorPiercing": 0.04,
    "price": 5210000,
    "image": "https://i.imgur.com/O43sPwa.png"
  },
  {
    "type": "weapon",
    "id": 6,
    "category": "Great Sword",
    "name": "Lightbreak Blade VII",
    "HP": 400000,
    "ATK": 224000,
    "DEF": 127000,
    "SPD": 20000,
    "dmgBonus": 2,
    "defBonus": 1,
    "hpBonus": 1,
    "spdBonus": 0.5,
    "ArmorPiercing": 0.9,
    "price": 11456000,
    "image": "https://i.imgur.com/swVYaYu.png"
  },
  {
    "type": "weapon",
    "id": 7,
    "category": "Lance",
    "name": "Iron Lance I",
    "HP": 2000,
    "ATK": 400,
    "DEF": 1000,
    "SPD": 100,
    "dmgBonus": 1,
    "defBonus": 2,
    "hpBonus": 1,
    "spdBonus": 0.5,
    "ArmorPiercing": 0.04,
    "price": 2000,
    "image": "https://i.imgur.com/BG5YXGW.png"
  },
  {
    "type": "weapon",
    "id": 8,
    "category": "Lance",
    "name": "Steel Lance II",
    "HP": 25000,
    "ATK": 3000,
    "DEF": 7200,
    "SPD": 800,
    "dmgBonus": 1,
    "defBonus": 2,
    "hpBonus": 1,
    "spdBonus": 0.5,
    "ArmorPiercing": 0.04,
    "price": 35000,
    "image": "https://i.imgur.com/RgPwAxL.png"
  },
  {
    "type": "weapon",
    "id": 9,
    "category": "Lance",
    "name": "Dragon Lance III",
    "HP": 50000,
    "ATK": 11000,
    "DEF": 28800,
    "SPD": 1600,
    "dmgBonus": 1,
    "defBonus": 2,
    "hpBonus": 1,
    "spdBonus": 0.5,
    "ArmorPiercing": 0.07,
    "price": 74000,
    "image": "https://i.imgur.com/Bcsi8Rz.png"
  },
  {
    "type": "weapon",
    "id": 10,
    "category": "Lance",
    "name": "Warlance IV",
    "HP": 104000,
    "ATK": 20000,
    "DEF": 40800,
    "SPD": 1800,
    "dmgBonus": 1,
    "defBonus": 2,
    "hpBonus": 1,
    "spdBonus": 0.5,
    "ArmorPiercing": 0.04,
    "price": 164000,
    "image": "https://i.imgur.com/SgID0nL.png"
  },
  {
    "type": "weapon",
    "id": 11,
    "category": "Lance",
    "name": "Fatalis Lance V",
    "HP": 205000,
    "ATK": 24000,
    "DEF": 80000,
    "SPD": 2000,
    "dmgBonus": 1,
    "defBonus": 2,
    "hpBonus": 1,
    "spdBonus": 0.5,
    "ArmorPiercing": 0.09,
    "price": 2800000,
    "image": "https://i.imgur.com/euOEB94.png"
  },
  {
    "type": "weapon",
    "id": 12,
    "category": "Lance",
    "name": "Alatreon Gleam VI",
    "HP": 410000,
    "ATK": 50000,
    "DEF": 160000,
    "SPD": 4000,
    "dmgBonus": 1,
    "defBonus": 2,
    "hpBonus": 1,
    "spdBonus": 0.5,
    "ArmorPiercing": 0.04,
    "price": 5600000,
    "image": "https://i.imgur.com/TyfQZAh.png"
  },
  {
    "type": "weapon",
    "id": 13,
    "category": "Lance",
    "name": "Xeno Zauta VII",
    "HP": 820000,
    "ATK": 100000,
    "DEF": 320000,
    "SPD": 8000,
    "dmgBonus": 1,
    "defBonus": 2.5,
    "hpBonus": 1,
    "spdBonus": 0.5,
    "ArmorPiercing": 0.04,
    "price": 12200000,
    "image": "https://i.imgur.com/lH4qNIf.png"
  },
  {
    "type": "weapon",
    "id": 14,
    "category": "Sword",
    "name": "Iron Sword I",
    "HP": 4000,
    "ATK": 210,
    "DEF": 210,
    "SPD": 2000,
    "dmgBonus": 1,
    "defBonus": 1,
    "hpBonus": 1,
    "spdBonus": 1,
    "ArmorPiercing": 0.04,
    "price": 1000,
    "image": "https://i.imgur.com/Og7tkYN.png"
  },
  {
    "type": "weapon",
    "id": 15,
    "category": "Sword",
    "name": "Princess Rapier II",
    "HP": 8000,
    "ATK": 500,
    "DEF": 500,
    "SPD": 5000,
    "dmgBonus": 1,
    "defBonus": 1,
    "hpBonus": 1,
    "spdBonus": 1,
    "ArmorPiercing": 0.04,
    "price": 3000,
    "image": "https://i.imgur.com/JB2JAEm.png"
  },
  {
    "type": "weapon",
    "id": 16,
    "category": "Sword",
    "name": "Lunatic Rose III",
    "HP": 24000,
    "ATK": 11400,
    "DEF": 10500,
    "SPD": 8000,
    "dmgBonus": 1,
    "defBonus": 1,
    "hpBonus": 1,
    "spdBonus": 1,
    "ArmorPiercing": 0.04,
    "price": 21000,
    "image": "https://i.imgur.com/JB2JAEm.png"
  },
  {
    "type": "weapon",
    "id": 17,
    "category": "Sword",
    "name": "Princess Rapier IV",
    "HP": 78000,
    "ATK": 21500,
    "DEF": 20500,
    "SPD": 14000,
    "dmgBonus": 1,
    "defBonus": 1,
    "hpBonus": 1,
    "spdBonus": 1,
    "ArmorPiercing": 0.43,
    "price": 546000,
    "image": "https://i.imgur.com/cG0SNnr.png"
  },
  {
    "type": "weapon",
    "id": 18,
    "category": "Sword",
    "name": "Safi's Wings V",
    "HP": 150000,
    "ATK": 35000,
    "DEF": 45000,
    "SPD": 26000,
    "dmgBonus": 1,
    "defBonus": 1,
    "hpBonus": 1,
    "spdBonus": 1,
    "ArmorPiercing": 0.94,
    "price": 2600000,
    "image": "https://i.imgur.com/JB2JAEm.png"
  },
  {
    "type": "weapon",
    "id": 19,
    "category": "Sword",
    "name": "Lightbreak Sword VI",
    "HP": 310000,
    "ATK": 81000,
    "DEF": 75000,
    "SPD": 44000,
    "dmgBonus": 1,
    "defBonus": 1,
    "hpBonus": 1,
    "spdBonus": 1,
    "ArmorPiercing": 0.04,
    "price": 4700000,
    "image": "https://i.imgur.com/02VPyU0.png"
  },
  {
    "type": "weapon",
    "id": 20,
    "category": "Sword",
    "name": "Alatreon Star VII",
    "HP": 610000,
    "ATK": 159000,
    "DEF": 150000,
    "SPD": 88000,
    "dmgBonus": 1,
    "defBonus": 1,
    "hpBonus": 1,
    "spdBonus": 1,
    "ArmorPiercing": 0.9,
    "price": 11700000,
    "image": "https://i.imgur.com/wzC0RkW.png"
  },
  {
    "type": "weapon",
    "id": 21,
    "category": "Dual Blades",
    "name": "Dual Blades I",
    "HP": 2500,
    "ATK": 400,
    "DEF": 400,
    "SPD": 4000,
    "dmgBonus": 1,
    "defBonus": 0.5,
    "hpBonus": 1,
    "spdBonus": 2,
    "ArmorPiercing": 0.14,
    "price": 8000,
    "image": "https://i.imgur.com/IRdDIwi.png"
  },
  {
    "type": "weapon",
    "id": 22,
    "category": "Dual Blades",
    "name": "Luminous Daggers II",
    "HP": 5000,
    "ATK": 800,
    "DEF": 400,
    "SPD": 8000,
    "dmgBonus": 1,
    "defBonus": 0.5,
    "hpBonus": 1,
    "spdBonus": 2,
    "ArmorPiercing": 0.34,
    "price": 36000,
    "image": "https://i.imgur.com/ox5qv4N.png"
  },
  {
    "type": "weapon",
    "id": 23,
    "category": "Dual Blades",
    "name": "Asefar al-Nasr III",
    "HP": 15000,
    "ATK": 3100,
    "DEF": 1600,
    "SPD": 24000,
    "dmgBonus": 1,
    "defBonus": 0.5,
    "hpBonus": 1,
    "spdBonus": 2,
    "ArmorPiercing": 0.4,
    "price": 90000,
    "image": "https://i.imgur.com/D8eK3s9.png"
  },
  {
    "type": "weapon",
    "id": 24,
    "category": "Dual Blades",
    "name": "Luminous Daggers IV",
    "HP": 31000,
    "ATK": 7800,
    "DEF": 3100,
    "SPD": 71000,
    "dmgBonus": 1,
    "defBonus": 0.5,
    "hpBonus": 1,
    "spdBonus": 2,
    "ArmorPiercing": 0.04,
    "price": 469400,
    "image": "https://i.imgur.com/q6hQLUG.png"
  },
  {
    "type": "weapon",
    "id": 25,
    "category": "Dual Blades",
    "name": "Fatalis Dual Skies V",
    "HP": 75000,
    "ATK": 28000,
    "DEF": 18000,
    "SPD": 50000,
    "dmgBonus": 1,
    "defBonus": 0.5,
    "hpBonus": 1,
    "spdBonus": 2,
    "ArmorPiercing": 0.04,
    "price": 2600000,
    "image": "https://i.imgur.com/RjHvUeZ.png"
  },
  {
    "type": "weapon",
    "id": 26,
    "category": "Dual Blades",
    "name": "Wunderkirins VI",
    "HP": 150000,
    "ATK": 41000,
    "DEF": 21000,
    "SPD": 100000,
    "dmgBonus": 1,
    "defBonus": 0.5,
    "hpBonus": 1,
    "spdBonus": 2,
    "ArmorPiercing": 0.04,
    "price": 6100000,
    "image": "https://i.imgur.com/2ok4sV3.png"
  },
  {
    "type": "weapon",
    "id": 27,
    "category": "Dual Blades",
    "name": "Bergel Veltra VII",
    "HP": 290000,
    "ATK": 78000,
    "DEF": 48000,
    "SPD": 210000,
    "dmgBonus": 1,
    "defBonus": 0.5,
    "hpBonus": 1,
    "spdBonus": 2.5,
    "ArmorPiercing": 0.85,
    "price": 15200000,
    "image": "https://i.imgur.com/xt4osvg.png"
  },
  {
    "type": "weapon",
    "id": 28,
    "category": "Heavy Bowgun",
    "name": "Iron Assault I",
    "HP": 2000,
    "ATK": 1000,
    "DEF": 100,
    "SPD": 300,
    "dmgBonus": 3.5,
    "defBonus": 0.5,
    "hpBonus": 1,
    "spdBonus": 0.5,
    "ArmorPiercing": 0.5,
    "price": 1000,
    "image": "https://i.imgur.com/rpIrzeq.png"
  },
  {
    "type": "weapon",
    "id": 29,
    "category": "Heavy Bowgun",
    "name": "Fatal Assault II",
    "HP": 4000,
    "ATK": 2500,
    "DEF": 500,
    "SPD": 600,
    "dmgBonus": 3.5,
    "defBonus": 0.5,
    "hpBonus": 1,
    "spdBonus": 0.5,
    "ArmorPiercing": 0.5,
    "price": 40000,
    "image": "https://i.imgur.com/e2PGzCK.png"
  },
  {
    "type": "weapon",
    "id": 30,
    "category": "Heavy Bowgun",
    "name": "Nergal Roar III",
    "HP": 15000,
    "ATK": 10500,
    "DEF": 2400,
    "SPD": 1800,
    "dmgBonus": 3.5,
    "defBonus": 0.5,
    "hpBonus": 1,
    "spdBonus": 0.5,
    "ArmorPiercing": 0.09,
    "price": 215000,
    "image": "https://i.imgur.com/ptoQHOk.png"
  },
  {
    "type": "weapon",
    "id": 31,
    "category": "Heavy Bowgun",
    "name": "Dios Cannon IV",
    "HP": 65000,
    "ATK": 47500,
    "DEF": 17000,
    "SPD": 6800,
    "dmgBonus": 3.5,
    "defBonus": 0.5,
    "hpBonus": 1,
    "spdBonus": 0.5,
    "ArmorPiercing": 0.06,
    "price": 520500,
    "image": "https://i.imgur.com/e8416SK.png"
  },
  {
    "type": "weapon",
    "id": 32,
    "category": "Heavy Bowgun",
    "name": "Xeno Jiiqa V",
    "HP": 135000,
    "ATK": 81500,
    "DEF": 22000,
    "SPD": 10800,
    "dmgBonus": 3.5,
    "defBonus": 0.5,
    "hpBonus": 1,
    "spdBonus": 0.5,
    "ArmorPiercing": 0.05,
    "price": 2720500,
    "image": "https://i.imgur.com/WnKyd2T.png"
  },
  {
    "type": "weapon",
    "id": 33,
    "category": "Heavy Bowgun",
    "name": "Lightbreak Cannon VI",
    "HP": 270000,
    "ATK": 111500,
    "DEF": 32000,
    "SPD": 15800,
    "dmgBonus": 3.5,
    "defBonus": 0.5,
    "hpBonus": 1,
    "spdBonus": 0.5,
    "ArmorPiercing": 0.5,
    "price": 6376000,
    "image": "https://i.imgur.com/xX0UHPx.png"
  },
  {
    "type": "weapon",
    "id": 34,
    "category": "Heavy Bowgun",
    "name": "Final Guerilla VII",
    "HP": 547000,
    "ATK": 245500,
    "DEF": 37000,
    "SPD": 15800,
    "dmgBonus": 3.5,
    "defBonus": 0.5,
    "hpBonus": 1,
    "spdBonus": 0.5,
    "ArmorPiercing": 0,
    "price": 17940000,
    "image": "https://i.imgur.com/lUmYd17.png"
  },
  {
    "type": "weapon",
    "id": 35,
    "category": "Light Bowgun",
    "name": "Iron Blitz I",
    "HP": 2000,
    "ATK": 500,
    "DEF": 100,
    "SPD": 3000,
    "dmgBonus": 1.2,
    "defBonus": 0.5,
    "hpBonus": 1,
    "spdBonus": 1.5,
    "ArmorPiercing": 0.01,
    "price": 1000,
    "image": "https://i.imgur.com/lgECL2q.png"
  },
  {
    "type": "weapon",
    "id": 36,
    "category": "Light Bowgun",
    "name": "Blackwing Bowgun II",
    "HP": 6000,
    "ATK": 1500,
    "DEF": 300,
    "SPD": 9000,
    "dmgBonus": 1.2,
    "defBonus": 0.5,
    "hpBonus": 1,
    "spdBonus": 1.5,
    "ArmorPiercing": 0.8,
    "price": 40000,
    "image": "https://i.imgur.com/l2yAQTE.png"
  },
  {
    "type": "weapon",
    "id": 37,
    "category": "Light Bowgun",
    "name": "Rex Fusillade III",
    "HP": 24000,
    "ATK": 7200,
    "DEF": 1000,
    "SPD": 15000,
    "dmgBonus": 1.2,
    "defBonus": 0.5,
    "hpBonus": 1,
    "spdBonus": 1.5,
    "ArmorPiercing": 0.03,
    "price": 120000,
    "image": "https://i.imgur.com/QQG7w6U.png"
  },
  {
    "type": "weapon",
    "id": 38,
    "category": "Light Bowgun",
    "name": "Rathbuster IV",
    "HP": 62400,
    "ATK": 19000,
    "DEF": 5600,
    "SPD": 30000,
    "dmgBonus": 1.2,
    "defBonus": 0.5,
    "hpBonus": 1,
    "spdBonus": 1.5,
    "ArmorPiercing": 0.02,
    "price": 441000,
    "image": "https://i.imgur.com/QQG7w6U.png"
  },
  {
    "type": "weapon",
    "id": 39,
    "category": "Light Bowgun",
    "name": "Usurper's Crime V",
    "HP": 112000,
    "ATK": 38500,
    "DEF": 12100,
    "SPD": 50000,
    "dmgBonus": 1.2,
    "defBonus": 0.5,
    "hpBonus": 1,
    "spdBonus": 1.5,
    "ArmorPiercing": 0.08,
    "price": 2431000,
    "image": "https://i.imgur.com/m23G7Yq.png"
  },
  {
    "type": "weapon",
    "id": 40,
    "category": "Light Bowgun",
    "name": "Blizzard Gust VI",
    "HP": 194000,
    "ATK": 66500,
    "DEF": 21100,
    "SPD": 72000,
    "dmgBonus": 1.2,
    "defBonus": 0.5,
    "hpBonus": 1,
    "spdBonus": 1.5,
    "ArmorPiercing": 0.8,
    "price": 4870000,
    "image": "https://i.imgur.com/g5ZOf6n.png"
  },
  {
    "type": "weapon",
    "id": 41,
    "category": "Light Bowgun",
    "name": "Lightbreak Gun VII",
    "HP": 303000,
    "ATK": 114000,
    "DEF": 42100,
    "SPD": 153000,
    "dmgBonus": 1.2,
    "defBonus": 0.5,
    "hpBonus": 1,
    "spdBonus": 1.5,
    "ArmorPiercing": 0.24,
    "price": 99760000,
    "image": "https://i.imgur.com/jzfKS20.png"
  }
]

