[
    {
        "name": "ps_l",
        "value": "1",
        "domain": ".facebook.com",
        "hostOnly": false,
        "path": "/",
        "secure": true,
        "httpOnly": true,
        "sameSite": "lax",
        "session": false,
        "firstPartyDomain": "",
        "partitionKey": null,
        "expirationDate": 1798027270.521,
        "storeId": null
    },
    {
        "name": "datr",
        "value": "610caVDRxnG_n8g-o7m2x1y_",
        "domain": ".facebook.com",
        "hostOnly": false,
        "path": "/",
        "secure": true,
        "httpOnly": true,
        "sameSite": "no_restriction",
        "session": false,
        "firstPartyDomain": "",
        "partitionKey": null,
        "expirationDate": 1800394838.151,
        "storeId": null
    },
    {
        "name": "fr",
        "value": "0sEt2Jg7vRBBE8NBq.AWepq8nu8TdVHP0P4CLvp5EyBT2ZgICdjwvLZ6TMigJzVdma1KU.BpFsUW..AAA.0.0.BpSUA9.AWcSscufcY3XNaAgadeQiib2u30",
        "domain": ".facebook.com",
        "hostOnly": false,
        "path": "/",
        "secure": true,
        "httpOnly": true,
        "sameSite": "no_restriction",
        "session": false,
        "firstPartyDomain": "",
        "partitionKey": null,
        "expirationDate": 1774184254.176,
        "storeId": null
    },
    {
        "name": "vpd",
        "value": "v1%3B584x324x3.3333333333333335",
        "domain": ".facebook.com",
        "hostOnly": false,
        "path": "/",
        "secure": true,
        "httpOnly": false,
        "sameSite": "lax",
        "session": false,
        "firstPartyDomain": "",
        "partitionKey": null,
        "expirationDate": 1771592256,
        "storeId": null
    },
    {
        "name": "xs",
        "value": "26%3ANz4sGvtQWVT2EA%3A2%3A1766408098%3A-1%3A-1",
        "domain": ".facebook.com",
        "hostOnly": false,
        "path": "/",
        "secure": true,
        "httpOnly": true,
        "sameSite": "no_restriction",
        "session": false,
        "firstPartyDomain": "",
        "partitionKey": null,
        "expirationDate": 1797944101.732,
        "storeId": null
    },
    {
        "name": "fbl_st",
        "value": "100736047%3BT%3A29440137",
        "domain": ".facebook.com",
        "hostOnly": false,
        "path": "/",
        "secure": true,
        "httpOnly": false,
        "sameSite": "strict",
        "session": false,
        "firstPartyDomain": "",
        "partitionKey": null,
        "expirationDate": 1797944256,
        "storeId": null
    },
    {
        "name": "locale",
        "value": "ar_AR",
        "domain": ".facebook.com",
        "hostOnly": false,
        "path": "/",
        "secure": true,
        "httpOnly": false,
        "sameSite": "no_restriction",
        "session": false,
        "firstPartyDomain": "",
        "partitionKey": null,
        "expirationDate": 1767012910.721,
        "storeId": null
    },
    {
        "name": "c_user",
        "value": "61576731767920",
        "domain": ".facebook.com",
        "hostOnly": false,
        "path": "/",
        "secure": true,
        "httpOnly": false,
        "sameSite": "no_restriction",
        "session": false,
        "firstPartyDomain": "",
        "partitionKey": null,
        "expirationDate": 1797944101.732,
        "storeId": null
    },
    {
        "name": "dpr",
        "value": "3.3333333333333335",
        "domain": ".facebook.com",
        "hostOnly": false,
        "path": "/",
        "secure": true,
        "httpOnly": false,
        "sameSite": "no_restriction",
        "session": false,
        "firstPartyDomain": "",
        "partitionKey": null,
        "expirationDate": 1764061751,
        "storeId": null
    },
    {
        "name": "pas",
        "value": "61567778121403%3AiKEuHmCB7x%2C61583838241719%3AoF1l7uUcCf%2C100040836639983%3AurW4dYXWbf%2C100083602650172%3AXeZ44qFL5K%2C61576731767920%3A8C99pGYKtj%2C61569873036421%3AKnBz0RPHiX%2C61577267499664%3AG910uBtgAs",
        "domain": ".facebook.com",
        "hostOnly": false,
        "path": "/",
        "secure": true,
        "httpOnly": true,
        "sameSite": "lax",
        "session": false,
        "firstPartyDomain": "",
        "partitionKey": null,
        "expirationDate": 1800968254.176,
        "storeId": null
    },
    {
        "name": "ps_n",
        "value": "1",
        "domain": ".facebook.com",
        "hostOnly": false,
        "path": "/",
        "secure": true,
        "httpOnly": true,
        "sameSite": "no_restriction",
        "session": false,
        "firstPartyDomain": "",
        "partitionKey": null,
        "expirationDate": 1798027270.521,
        "storeId": null
    },
    {
        "name": "sb",
        "value": "7F0cadMftAoi4XFKixUPU5an",
        "domain": ".facebook.com",
        "hostOnly": false,
        "path": "/",
        "secure": true,
        "httpOnly": true,
        "sameSite": "no_restriction",
        "session": false,
        "firstPartyDomain": "",
        "partitionKey": null,
        "expirationDate": 1800968101.732,
        "storeId": null
    },
    {
        "name": "wl_cbv",
        "value": "v2%3Bclient_version%3A3026%3Btimestamp%3A1766408254",
        "domain": ".facebook.com",
        "hostOnly": false,
        "path": "/",
        "secure": true,
        "httpOnly": false,
        "sameSite": "no_restriction",
        "session": false,
        "firstPartyDomain": "",
        "partitionKey": null,
        "expirationDate": 1774184260,
        "storeId": null
    }
]
