[
    {
        "name": "ps_l",
        "value": "1",
        "domain": ".facebook.com",
        "hostOnly": false,
        "path": "/",
        "secure": true,
        "httpOnly": true,
        "sameSite": "lax",
        "session": false,
        "firstPartyDomain": "",
        "partitionKey": null,
        "expirationDate": 1798027270.521,
        "storeId": null
    },
    {
        "name": "datr",
        "value": "610caVDRxnG_n8g-o7m2x1y_",
        "domain": ".facebook.com",
        "hostOnly": false,
        "path": "/",
        "secure": true,
        "httpOnly": true,
        "sameSite": "no_restriction",
        "session": false,
        "firstPartyDomain": "",
        "partitionKey": null,
        "expirationDate": 1801145207.519,
        "storeId": null
    },
    {
        "name": "fr",
        "value": "0sEt2Jg7vRBBE8NBq.AWfCxabEhoChjzJuLCVM-cMqwpOB7sI7ybt-aILkAscw7pBwnQ8.BpFsUW..AAA.0.0.BpS_Om.AWdr4jhy00BCI575FHhVjqnmBhg",
        "domain": ".facebook.com",
        "hostOnly": false,
        "path": "/",
        "secure": true,
        "httpOnly": true,
        "sameSite": "no_restriction",
        "session": false,
        "firstPartyDomain": "",
        "partitionKey": null,
        "expirationDate": 1774361255.155,
        "storeId": null
    },
    {
        "name": "vpd",
        "value": "v1%3B584x324x3.3333333333333335",
        "domain": ".facebook.com",
        "hostOnly": false,
        "path": "/",
        "secure": true,
        "httpOnly": false,
        "sameSite": "lax",
        "session": false,
        "firstPartyDomain": "",
        "partitionKey": null,
        "expirationDate": 1771769256,
        "storeId": null
    },
    {
        "name": "xs",
        "value": "15%3AaB10TmkD9zsJJw%3A2%3A1766585250%3A-1%3A-1",
        "domain": ".facebook.com",
        "hostOnly": false,
        "path": "/",
        "secure": true,
        "httpOnly": true,
        "sameSite": "no_restriction",
        "session": false,
        "firstPartyDomain": "",
        "partitionKey": null,
        "expirationDate": 1798121252.938,
        "storeId": null
    },
    {
        "name": "fbl_st",
        "value": "100733363%3BT%3A29443087",
        "domain": ".facebook.com",
        "hostOnly": false,
        "path": "/",
        "secure": true,
        "httpOnly": false,
        "sameSite": "strict",
        "session": false,
        "firstPartyDomain": "",
        "partitionKey": null,
        "expirationDate": 1798121256,
        "storeId": null
    },
    {
        "name": "locale",
        "value": "ar_AR",
        "domain": ".facebook.com",
        "hostOnly": false,
        "path": "/",
        "secure": true,
        "httpOnly": false,
        "sameSite": "no_restriction",
        "session": false,
        "firstPartyDomain": "",
        "partitionKey": null,
        "expirationDate": 1767012910.721,
        "storeId": null
    },
    {
        "name": "m_pixel_ratio",
        "value": "1",
        "domain": ".facebook.com",
        "hostOnly": false,
        "path": "/",
        "secure": true,
        "httpOnly": false,
        "sameSite": null,
        "session": true,
        "firstPartyDomain": "",
        "partitionKey": null,
        "storeId": null
    },
    {
        "name": "c_user",
        "value": "61577267499664",
        "domain": ".facebook.com",
        "hostOnly": false,
        "path": "/",
        "secure": true,
        "httpOnly": false,
        "sameSite": "no_restriction",
        "session": false,
        "firstPartyDomain": "",
        "partitionKey": null,
        "expirationDate": 1798121252.938,
        "storeId": null
    },
    {
        "name": "dpr",
        "value": "3.3333333333333335",
        "domain": ".facebook.com",
        "hostOnly": false,
        "path": "/",
        "secure": true,
        "httpOnly": false,
        "sameSite": "no_restriction",
        "session": false,
        "firstPartyDomain": "",
        "partitionKey": null,
        "expirationDate": 1764061751,
        "storeId": null
    },
    {
        "name": "pas",
        "value": "61567778121403%3AiKEuHmCB7x%2C61583838241719%3AoF1l7uUcCf%2C100040836639983%3AurW4dYXWbf%2C100083602650172%3AXeZ44qFL5K%2C61576731767920%3A8C99pGYKtj%2C61569873036421%3AKnBz0RPHiX%2C61577267499664%3AG910uBtgAs",
        "domain": ".facebook.com",
        "hostOnly": false,
        "path": "/",
        "secure": true,
        "httpOnly": true,
        "sameSite": "lax",
        "session": false,
        "firstPartyDomain": "",
        "partitionKey": null,
        "expirationDate": 1801145255.155,
        "storeId": null
    },
    {
        "name": "ps_n",
        "value": "1",
        "domain": ".facebook.com",
        "hostOnly": false,
        "path": "/",
        "secure": true,
        "httpOnly": true,
        "sameSite": "no_restriction",
        "session": false,
        "firstPartyDomain": "",
        "partitionKey": null,
        "expirationDate": 1798027270.521,
        "storeId": null
    },
    {
        "name": "sb",
        "value": "7F0cadMftAoi4XFKixUPU5an",
        "domain": ".facebook.com",
        "hostOnly": false,
        "path": "/",
        "secure": true,
        "httpOnly": true,
        "sameSite": "no_restriction",
        "session": false,
        "firstPartyDomain": "",
        "partitionKey": null,
        "expirationDate": 1801145252.938,
        "storeId": null
    },
    {
        "name": "wd",
        "value": "324x702",
        "domain": ".facebook.com",
        "hostOnly": false,
        "path": "/",
        "secure": true,
        "httpOnly": false,
        "sameSite": null,
        "session": true,
        "firstPartyDomain": "",
        "partitionKey": null,
        "storeId": null
    },
    {
        "name": "wl_cbv",
        "value": "v2%3Bclient_version%3A3028%3Btimestamp%3A1766585255",
        "domain": ".facebook.com",
        "hostOnly": false,
        "path": "/",
        "secure": true,
        "httpOnly": false,
        "sameSite": "no_restriction",
        "session": false,
        "firstPartyDomain": "",
        "partitionKey": null,
        "expirationDate": 1774361255,
        "storeId": null
    },
    {
        "name": "x-referer",
        "value": "eyJyIjoiL2NoZWNrcG9pbnQvMTUwMTA5MjgyMzUyNTI4Mi9sb2dvdXQvP25leHQ9aHR0cHMlM0ElMkYlMkZtLmZhY2Vib29rLmNvbSUyRiIsImgiOiIvY2hlY2twb2ludC8xNTAxMDkyODIzNTI1MjgyL2xvZ291dC8%2FbmV4dD1odHRwcyUzQSUyRiUyRm0uZmFjZWJvb2suY29tJTJGIiwicyI6Im0ifQ%3D%3D",
        "domain": ".facebook.com",
        "hostOnly": false,
        "path": "/",
        "secure": true,
        "httpOnly": false,
        "sameSite": "no_restriction",
        "session": true,
        "firstPartyDomain": "",
        "partitionKey": null,
        "storeId": null
    }
]
