[
    {
        "name": "ps_l",
        "value": "1",
        "domain": ".facebook.com",
        "hostOnly": false,
        "path": "/",
        "secure": true,
        "httpOnly": true,
        "sameSite": "lax",
        "session": false,
        "firstPartyDomain": "",
        "partitionKey": null,
        "expirationDate": 1800654422.176,
        "storeId": null
    },
    {
        "name": "datr",
        "value": "EIRCaexQaoG33nNioEOf-Mpz",
        "domain": ".facebook.com",
        "hostOnly": false,
        "path": "/",
        "secure": true,
        "httpOnly": true,
        "sameSite": "no_restriction",
        "session": false,
        "firstPartyDomain": "",
        "partitionKey": null,
        "expirationDate": 1800526865.615,
        "storeId": null
    },
    {
        "name": "fr",
        "value": "0cRkgGaCtTPx20qKk.AWcq9hELdfT47_wVmvsiRAdPbLLYvPu4QUwpZlZm0SnDy_hmAXk.BpQoQQ..AAA.0.0.BpSUK5.AWf-De0UiQy6LhrVyXXpu1o6iqk",
        "domain": ".facebook.com",
        "hostOnly": false,
        "path": "/",
        "secure": true,
        "httpOnly": true,
        "sameSite": "no_restriction",
        "session": false,
        "firstPartyDomain": "",
        "partitionKey": null,
        "expirationDate": 1774184890.207,
        "storeId": null
    },
    {
        "name": "vpd",
        "value": "v1%3B537x324x3.3333333333333335",
        "domain": ".facebook.com",
        "hostOnly": false,
        "path": "/",
        "secure": true,
        "httpOnly": false,
        "sameSite": "lax",
        "session": false,
        "firstPartyDomain": "",
        "partitionKey": null,
        "expirationDate": 1771592891,
        "storeId": null
    },
    {
        "name": "xs",
        "value": "48%3AFBUAfZ38uKIvMw%3A2%3A1766408887%3A-1%3A-1",
        "domain": ".facebook.com",
        "hostOnly": false,
        "path": "/",
        "secure": true,
        "httpOnly": true,
        "sameSite": "no_restriction",
        "session": false,
        "firstPartyDomain": "",
        "partitionKey": null,
        "expirationDate": 1797944889.487,
        "storeId": null
    },
    {
        "name": "fbl_st",
        "value": "101323840%3BT%3A29440148",
        "domain": ".facebook.com",
        "hostOnly": false,
        "path": "/",
        "secure": true,
        "httpOnly": false,
        "sameSite": "strict",
        "session": false,
        "firstPartyDomain": "",
        "partitionKey": null,
        "expirationDate": 1797944891,
        "storeId": null
    },
    {
        "name": "locale",
        "value": "ar_AR",
        "domain": ".facebook.com",
        "hostOnly": false,
        "path": "/",
        "secure": true,
        "httpOnly": false,
        "sameSite": "no_restriction",
        "session": false,
        "firstPartyDomain": "",
        "partitionKey": null,
        "expirationDate": 1766699364.156,
        "storeId": null
    },
    {
        "name": "m_pixel_ratio",
        "value": "1",
        "domain": ".facebook.com",
        "hostOnly": false,
        "path": "/",
        "secure": true,
        "httpOnly": false,
        "sameSite": null,
        "session": true,
        "firstPartyDomain": "",
        "partitionKey": null,
        "storeId": null
    },
    {
        "name": "c_user",
        "value": "61578054671126",
        "domain": ".facebook.com",
        "hostOnly": false,
        "path": "/",
        "secure": true,
        "httpOnly": false,
        "sameSite": "no_restriction",
        "session": false,
        "firstPartyDomain": "",
        "partitionKey": null,
        "expirationDate": 1797944889.487,
        "storeId": null
    },
    {
        "name": "pas",
        "value": "61577873017983%3AwVmkJR9qSb%2C61578054671126%3ASymiKfvjcs",
        "domain": ".facebook.com",
        "hostOnly": false,
        "path": "/",
        "secure": true,
        "httpOnly": true,
        "sameSite": "lax",
        "session": false,
        "firstPartyDomain": "",
        "partitionKey": null,
        "expirationDate": 1800968890.207,
        "storeId": null
    },
    {
        "name": "ps_n",
        "value": "1",
        "domain": ".facebook.com",
        "hostOnly": false,
        "path": "/",
        "secure": true,
        "httpOnly": true,
        "sameSite": "no_restriction",
        "session": false,
        "firstPartyDomain": "",
        "partitionKey": null,
        "expirationDate": 1800654422.176,
        "storeId": null
    },
    {
        "name": "sb",
        "value": "EIRCaYJKvMI0PXqiH68PJj91",
        "domain": ".facebook.com",
        "hostOnly": false,
        "path": "/",
        "secure": true,
        "httpOnly": true,
        "sameSite": "no_restriction",
        "session": false,
        "firstPartyDomain": "",
        "partitionKey": null,
        "expirationDate": 1800968889.487,
        "storeId": null
    },
    {
        "name": "wd",
        "value": "324x702",
        "domain": ".facebook.com",
        "hostOnly": false,
        "path": "/",
        "secure": true,
        "httpOnly": false,
        "sameSite": null,
        "session": true,
        "firstPartyDomain": "",
        "partitionKey": null,
        "storeId": null
    },
    {
        "name": "wl_cbv",
        "value": "v2%3Bclient_version%3A3026%3Btimestamp%3A1766408890",
        "domain": ".facebook.com",
        "hostOnly": false,
        "path": "/",
        "secure": true,
        "httpOnly": false,
        "sameSite": "no_restriction",
        "session": false,
        "firstPartyDomain": "",
        "partitionKey": null,
        "expirationDate": 1774184895,
        "storeId": null
    }
]
